,BookName,Publisher,MRP,DiscountPrice,DiscountPercent,Rating,PersonsReviewed,Deals
0,The Power of Your Subconscious Mind  - Unlock Your Mast..., Dr. Murphy Joseph,299.0,159.0,46,0.0,0,Free delivery
1,34 Years NTA NEET (UG) CHEMISTRY Chapterwise & Topicwis..., Experts Disha,350.0,188.0,46,4.4,656,Free delivery
2,NCERT Biology Textbook For Class - 11 And Class - 12 ( ..., NCERT,425.0,232.0,45,4.1,10178,Free delivery
3,The Answer Writing Manual For UPSC Civil Services Exam ..., Srushti Deshmukh IAS,450.0,273.0,39,4.7,3276,"Buy 3 items, save extra 5%"
4,SSC Reasoning 7200 TCS MCQ Chapter Wise Hindi Medium 3r..., Pinnacle Publications,760.0,384.0,49,4.6,14,Free delivery
5,"Sank Magic Practice Copybook, (4 BOOK + 10 REFILL+ 1 Pe...", China,599.0,153.0,74,4.2,111,Free delivery
6,Basics Of Stock Market | Complete Guide For Stock Begin..., Arvind Arora,299.0,223.0,25,4.0,438,"Buy 3 items, save extra 5%"
7,Vacation Activity Books For Kids 3 Year To 7 Year Old |..., Content Team at Target Publications,690.0,555.0,19,4.4,15,Free delivery
8,Khargadham Magic Practice Copybook For Kids - Handwriti..., Khargadham,399.0,149.0,62,4.2,451,Free delivery
9,Vastunist Samany Vigyan 15000+ By Khan Sir, KHAN SIR,275.0,160.0,41,4.4,1677,"Buy 3 items, save extra 5%"
10,97 JEE Main Online & Offline (2021 - 2002) Chapterwise ..., Disha Experts,1990.0,1153.0,42,4.4,18,Free delivery
11,"Little Mee Nursery Books For Kids Learning | English, M...", Content Team at Chetana Publications,1450.0,1199.0,17,4.5,48,Free delivery
12,"Magic Practice Book , Copy Book, Writing Book , Play Bo...", Generic,799.0,156.0,80,4.2,58,Free delivery
13,"Ankit Bhati Mathematics ( Delhi Police, AWO/TPO,HCM, U....", RAHUL TIBATIYA SIR,449.0,319.0,28,4.7,6,Free delivery
14,My First Picture Library Box Of 10 Board Books (Pre-Sch..., Sawan,999.0,309.0,69,4.5,13298,Free delivery
15,Railway General Science + GK 11000+Question (Previous Q..., Khan Sir,225.0,110.0,51,4.4,6174,"Buy 3 items, save extra 5%"
16,28 Years UPSC IAS/ IPS Prelims Topic-wise Solved Papers..., Disha Experts,1710.0,977.0,42,4.8,10,Free delivery
17,Biology Class 12 CBSE Board 13 Years Skill-wise & Chapt..., Disha Experts,260.0,140.0,46,4.0,29,Free delivery
18,Manogyam Magic Practice Copybook For Kids - Handwriting..., Manogyam,499.0,148.0,70,4.2,406,Free delivery
19,Errorless Physics For NEET Revised New Edition 2023 (2 ..., UBD NEET EXPEART TEAM,1880.0,1215.0,35,4.6,68,Free delivery
20,IBPS Bank Clerk Guide for Preliminary & Main Exams with..., Disha Experts,775.0,422.0,45,4.4,59,Free delivery
21,34 Varsh NTA NEET (UG) Chapter-wise & Topic-wise Solved..., Disha Experts,340.0,172.0,49,4.4,98,Free delivery
22,"34 Years NEET-AIPMT Chapterwise Solutions -Physics, Che...", MTG Editorial Board,1100.0,541.0,50,4.6,3006,Free delivery
23,50+ Bank PO & Clerk 3.0 | 2017-2022 Previous Years' Mem..., Adda247 Publications,999.0,432.0,56,4.3,286,Free delivery
24,"Atulneeya Samanya Hindi For SSC GD, IBPS RRB, CTET, DSS...", Adda247 Publications,399.0,239.0,40,0.0,0,Free delivery
25,Ankit Bhati Mathematics Bilingual (Hindi-English), Rahul Tewatiya,449.0,312.0,30,4.4,104,Free delivery
26,SBI Clerk 10 Year-wise Prelim & Mains Solved Papers (20..., Disha Experts,290.0,164.0,43,4.4,176,Free delivery
27,Foundation Course in Physics for JEE/ NEET/ Olympiad Cl..., Disha Experts,540.0,232.0,57,4.6,97,Free delivery
28,SBI PO Prelims & Mains Solved Papers [Year-Wise] With 6..., LearnX,795.0,256.0,67,4.5,344,Free delivery
29,ACE QUANT A Complete Guide On Quantitative Aptitude For..., Adda247 Publications,999.0,285.0,71,4.4,2005,Free delivery
30,Essential English for Competitive Examinations - 2nd Ed..., unknown,625.0,295.0,52,4.3,3020,Free delivery
31,GO TO Objective NEET Chemistry Guide with DPP & CPP She..., Disha Experts,900.0,507.0,43,4.3,23,Free delivery
32,Blossom Jumbo Creative Colouring Book For Kids | 3 To 5..., Content Team at Target Publications,180.0,122.0,32,4.4,1296,Free delivery
33,Ace English A Compelete Guide On English Language For B..., Adda247 Publications,999.0,285.0,71,4.4,1955,Free delivery
34,Ace Reasoning Ability For Banking And Insurance Book 20..., Adda247 Publications,999.0,285.0,71,4.3,1391,Free delivery
35,SBI PO Guide For Prelims & Mains Exam With 6 Online Pra..., LearnX,795.0,396.0,50,4.6,135,Free delivery
36,FCI AG III Technical Phase I + Phase II (Paper I) 2022 ..., Adda247 Publications,1896.0,1599.0,15,0.0,0,Free delivery
37,FCI Junior Engineer Electrical 2022 Phase I & II Comple..., Adda247 Publications,3098.0,1699.0,45,0.0,0,Free delivery
38,Indian Polity ( English| 6th Revised Edition) | UPSC | ..., Laxmikanth M.,995.0,479.0,51,4.5,7776,"Buy 3 items, save extra 5%"
39,A Place Called Home (Printed Signed Copies), Preeti Shenoy,250.0,104.0,58,4.6,104,Lowest price since launch
42,Bedtime Story Books For Kids In English | Tiny Tales - ..., Nidhi Tholia,680.0,451.0,33,4.5,71,Free delivery
43,Quantitative Aptitude for Competitive Examinations  - R..., Aggarwal R. S,799.0,336.0,57,4.4,436,"Buy 3 items, save extra 5%"
44,"Naveen Ankganit, Based On New Syllabus & Pattern For Co...", Dr. R S Aggarwal,550.0,298.0,45,4.5,513,Free delivery
45,Attitude Is Everything, Keller Jeff,225.0,104.0,53,4.5,54379,"Buy 3 items, save extra 5%"
47,50+ Bank PO & Clerk 2016-2021 Previous Years' Memory Ba..., Adda247 Publications,999.0,442.0,55,4.3,269,Free delivery
48,Life's Amazing Secrets, Das Gaur Gopal,250.0,86.0,65,4.6,49122,Lowest price in the year
49,The Psychology of Money, Morgan housel,399.0,175.0,56,4.6,11464,"Buy 3 items, save extra 5%"
52,28 Years UPSC Civil Services IAS Prelims Topic-wise Sol..., Mrunal Patel,720.0,316.0,56,4.5,1441,"Buy 3 items, save extra 5%"
53,400 Days, Bhagat Chetan,250.0,102.0,59,4.6,7858,"Buy 3 items, save extra 5%"
54,ENGLISHWALE.COM English Speaking Course Book (BBD SPECI..., Pooja Rana,280.0,224.0,20,0.0,0,"Buy 3 items, save extra 5%"
55,"Do Epic Shit  - Warikoo Ankur ,", Warikoo Ankur,399.0,175.0,56,4.5,3188,"Buy 3 items, save extra 5%"
58,"Sank Magic Practice Copybook, Magic Calligraphy Copyboo...", SHANK,699.0,158.0,77,3.7,7,Free delivery
59,20+ SBI Clerk Prelims 2022 Mock Test Papers Book (Engli..., Adda247 Publications,399.0,232.0,41,4.4,22,Free delivery
62,Ace Banking And Static Awareness Book (Latest English P..., Adda247 Publications,499.0,280.0,43,4.4,266,Free delivery
63,"SHRIMADBHAGWAT GEETA
 Geeta Saar-Sanjeevani Vati ,", Neera Gupta,199.0,159.0,20,0.0,0,Free delivery
64,What's Up With Me? (Author Handi Signed Copy), Tisca Chopra,350.0,182.0,48,5.0,5,"Buy 3 items, save extra 5%"
65,"Baby Record Book, It's A Boy | By Sawan", Sawan,300.0,231.0,23,4.6,630,Free delivery
68,Quantitative Aptitude for Competitive Examinations  - b..., Aggarwal R. S.,749.0,368.0,50,4.5,71755,"Buy 3 items, save extra 5%"
69,Blossom Jumbo Creative Colouring Book For Kids | 8 To 1..., Content Team at Target Publications,180.0,144.0,20,4.5,421,Free delivery
72,Indian Art and Culture ( English| 4th Edition) | UPSC |..., Singhania Nitin,875.0,443.0,49,4.6,2458,"Buy 3 items, save extra 5%"
73,"Master Reasoning Book Verbal, Non-Verbal & Analytical", unknown,665.0,221.0,66,4.4,4018,"Buy 3 items, save extra 5%"
74,Nursery Writing Books For Kids (Combo Of 4 Books Viz. N..., Content Team at Target Publications,360.0,270.0,25,4.4,3202,Free delivery
75,A Complete Book Of Data Interpretation & Analysis (Thir..., Adda247 Publications,699.0,340.0,51,4.1,40,Free delivery
76,Mental Ability for NTSE & Olympiad Exams for Class 10 (..., Disha Experts,420.0,183.0,56,4.4,1586,Free delivery
77,ICAR IARI Assistant 2022 Complete Books Kit (English Pr..., Adda247 Publications,4197.0,1451.0,65,4.0,3,Free delivery
78,Indian Economy (14th Edition) | UPSC | Civil Services E..., Singh Ramesh,750.0,412.0,45,4.5,1376,"Buy 3 items, save extra 5%"
79,Ace Quantitative Aptitude Book For Banking And Insuranc..., Adda247 Publications,599.0,309.0,48,4.3,103,Free delivery
80,The Power of Your Subconscious Mind  - Unlock Your Mast..., Dr. Murphy Joseph,299.0,159.0,46,0.0,0,Rs40
81,34 Years NTA NEET (UG) CHEMISTRY Chapterwise & Topicwis..., Experts Disha,350.0,188.0,46,4.4,656,Rs40
82,Bedtime Story Books For Kids In English | Tiny Tales - ..., Dipti Kadu,340.0,231.0,32,4.3,72,Rs40
83,"MEN ARE FROM MARS, WOMEN ARE FROM VENUS", John Gray,399.0,152.0,61,4.5,5953,Rs40
84,How to Crack Test of Reasoning, Premkishan,235.0,104.0,55,4.4,30604,Rs40
85,"English Alphabet Writing, Drawing And Colouring Book Fo...", Content team at target publications,295.0,212.0,28,4.4,94,Rs40
86,Vacation Activity Books For Kids 3 Year To 7 Year Old |..., Content Team at Target Publications,690.0,555.0,19,4.4,15,Rs40
87,50+ Bank PO & Clerk 2016-2021 Previous Years' Memory Ba..., Adda247 Publications,999.0,442.0,55,4.3,269,Rs40
88,The Coward And The Sword, Illustrated by Ruchi Shah,299.0,126.0,57,4.6,188,Rs40
89,Objective Ncert at Your Fingertips for Neet-Aiims-Biolo..., unknown,900.0,431.0,52,4.6,6442,Rs40
90,97 JEE Main Online & Offline (2021 - 2002) Chapterwise ..., Disha Experts,1990.0,1153.0,42,4.4,18,Rs40
91,"Little Mee Nursery Books For Kids Learning | English, M...", Content Team at Chetana Publications,1450.0,1199.0,17,4.5,48,Rs40
92,How to Prepare for QUANTITATIVE APTITUDE|10th Edition |..., ARUN SHARMA,995.0,534.0,46,4.5,355,Rs40
93,The Theory Of Everything, Stephen Hawking,199.0,96.0,51,4.6,13159,Rs40
94,A Complete Book OF READING COMPREHENSION (English Print..., Adda247 Publications,799.0,270.0,66,4.4,207,Rs40
95,Ncert Summary (Class vi-XII)  - One linear for UPSC/IAS..., unknown,375.0,165.0,56,4.3,2071,Rs40
96,28 Years UPSC IAS/ IPS Prelims Topic-wise Solved Papers..., Disha Experts,1710.0,977.0,42,4.8,10,Rs40
97,Biology Class 12 CBSE Board 13 Years Skill-wise & Chapt..., Disha Experts,260.0,140.0,46,4.0,29,Rs40
98,"Educart CBSE Class 10 Bundle - Science, SST, English an...", Educart,2446.0,1447.0,40,4.4,511,Rs40
99,Cbse All in One Science Class 10, Gupta Rashmi,550.0,261.0,52,4.4,611,Rs40
100,IBPS Bank Clerk Guide for Preliminary & Main Exams with..., Disha Experts,775.0,422.0,45,4.4,59,Rs40
101,34 Varsh NTA NEET (UG) Chapter-wise & Topic-wise Solved..., Disha Experts,340.0,172.0,49,4.4,98,Rs40
102,Rich Dad Poor Dad, Kiyosaki Robert T.,399.0,147.0,63,4.4,9200,Rs40
103,Rich Dad Poor Dad, Kiyosaki Robert T.,399.0,147.0,63,4.5,5530,Rs40
104,Rich Dad Poor Dad, Robert T. Kiyosaki,499.0,153.0,69,4.5,22439,Rs40
105,Made Easy  - Word Power, Lewis Norman,199.0,120.0,39,4.4,79802,Rs40
106,SBI Clerk 10 Year-wise Prelim & Mains Solved Papers (20..., Disha Experts,290.0,164.0,43,4.4,176,Rs40
107,Foundation Course in Physics for JEE/ NEET/ Olympiad Cl..., Disha Experts,540.0,232.0,57,4.6,97,Rs40
108,How to Prepare for Verbal Ability & Reading Comprehensi..., Sharma Arun,965.0,513.0,46,4.5,388,Rs40
109,UGC Net /Set/Jrf Paper 1 Teaching and Research Aptitude..., Madaan K.V.S.,525.0,240.0,54,4.5,1385,Rs40
110,Essential English for Competitive Examinations - 2nd Ed..., unknown,625.0,295.0,52,4.3,3020,Rs40
111,GO TO Objective NEET Chemistry Guide with DPP & CPP She..., Disha Experts,900.0,507.0,43,4.3,23,Rs40
112,War Of Lanka (Ram Chandra Series Book 4), Tripathi Amish,499.0,300.0,39,0.0,0,Rs40
113,ALCHEMIST  - The Alchemist, Paulo Coelho,399.0,158.0,60,4.6,57753,Rs40
114,Life is What You Make it, Shenoy Preeti,199.0,83.0,58,4.3,24287,Rs40
115,Alchemist, Coelho Paulo,299.0,121.0,59,4.5,4424,Rs40
116,Mental Ability for NTSE & Olympiad Exams for Class 10 (..., Disha Experts,420.0,183.0,56,4.4,1586,Rs40
117,ICAR IARI Assistant 2022 Complete Books Kit (English Pr..., Adda247 Publications,4197.0,1451.0,65,4.0,3,Rs40
118,Ikigai: The Japanese secret to a long and happy Life  -..., Garcia Hector,550.0,205.0,62,4.6,24734,Rs40
119,Sochiye Aur Amir Baniye (Think And Grow Rich), Napoleon Hill,150.0,62.0,58,4.4,1110,Rs40
122,Geography of India (English|10th Edition) | UPSC | Civi..., Edited by- Tasawwur Husain Zaidi,785.0,436.0,44,4.5,121,"Buy 3 items, save extra 5%"
123,Mrityu: Jaanen Ek Mahayogi Se (Hindi Translation of Bes..., Sadhguru,250.0,104.0,58,4.6,1888,"Buy 3 items, save extra 5%"
124,All in One English Language & Literature Class 10 Eight..., Jaiswal Vaishali,425.0,224.0,47,4.3,329,"Buy 3 items, save extra 5%"
125,The Power of Your Subconscious Mind, Murphy Joseph,275.0,88.0,68,4.5,51999,"Buy 3 items, save extra 5%"
128,My Journey  - Transforming Dreams into Actions, Abdul Kalam A. P. J.,250.0,104.0,58,4.6,8763,"Buy 3 items, save extra 5%"
129,Miss & Chief Amazing Board Books, Chief,1600.0,573.0,64,4.5,731,Free delivery
132,Encyclopedia of General Science for General Competition..., Mukherji Siddharth,335.0,120.0,64,4.4,3798,"Buy 3 items, save extra 5%"
133,"Think And Grow Rich  - Magic Formula for Success, Wealt...", Hill Napoleon,299.0,152.0,49,4.5,67366,"Buy 3 items, save extra 5%"
134,Think and Grow Rich, Hill Napoleon,225.0,79.0,64,4.5,67367,"Buy 3 items, save extra 5%"
135,"NCERT Physics, Chemistry,Biology (PCB) Books Set For Cl...", NCERT,855.0,530.0,38,4.2,75,Free delivery
138,Think Like a Monk 1st edition  - Train your Mind for Pe..., Jay Shetty,499.0,208.0,58,4.7,15159,"Buy 3 items, save extra 5%"
139,UBD1960 Errorless Physics for NEET as per NTA (Paperbac..., Expert Team of Teachers,1880.0,1049.0,44,4.4,276,Free delivery
142,Jawahar Navodaya Vidyalaya Class 9 Exam 2023, unknown,335.0,134.0,60,4.2,222,Lowest price since launch
143,Jawahar Navodaya Vidyalaya Class 9 Exam 2023, unknown,335.0,154.0,54,4.4,114,"Buy 3 items, save extra 5%"
144,Think & Grow Rich, Hill Napoleon,170.0,124.0,27,4.5,11908,Free delivery
145,A Modern Approach to Verbal & Non-Verbal Reasoning, Aggarwal R. S,825.0,384.0,53,4.5,25762,"Buy 3 items, save extra 5%"
148,Cbse All in One Hindi a Class 10 2022-23 (as Per Latest..., unknown,350.0,184.0,47,4.4,128,Lowest price since launch
149,Pathfinder Nda/Na National Defence Academy & Naval Acad..., unknown,795.0,304.0,61,4.3,876,"Buy 3 items, save extra 5%"
152,Advanced Problems in Mathematics for JEE (Main & Advanc..., Pankaj Joshi,398.0,291.0,26,4.4,157,Free delivery
153,My First Library: Boxset of 10 Board Books for Kids By ..., unknown,750.0,330.0,56,4.4,4487,"Buy 3 items, save extra 5%"
154,Indian and World Geography (English|6th Edition) | UPSC..., Edited by- Tasawwur Husain Zaidi,650.0,354.0,45,4.4,71,"Buy 3 items, save extra 5%"
155,Her Last Wish, Pandey Ajay K.,175.0,72.0,58,4.5,13601,"Buy 3 items, save extra 5%"
158,Chanakya Neeti, Pillai Radhakrishnan,299.0,144.0,51,4.6,3818,"Buy 3 items, save extra 5%"
159,Rapidfire Samanya Gyan 2023 for Competitive Exams 5th E..., Disha Experts,40.0,31.0,22,4.3,262,"Buy 3 items, save extra 5%"
163,Why Not Me?, Agrawal Anubhav,199.0,87.0,56,4.6,7805,"Buy 3 items, save extra 5%"
164,Let's Talk Money, Halan Monika,399.0,152.0,61,4.6,1438,"Buy 3 items, save extra 5%"
165,Willy Visits The Square World, Jeffrey Archer,299.0,126.0,57,4.9,9,"Buy 3 items, save extra 5%"
168,The 7 Habits of Highly Effective People Updated, unknown,599.0,235.0,60,4.4,345,"Buy 3 items, save extra 5%"
169,Jeet Aapki, Khera Shiv,399.0,176.0,55,4.5,9697,"Buy 3 items, save extra 5%"
172,Handbook of Physics, unknown,250.0,100.0,60,4.5,4114,Lowest price since launch
173,151 Essays for IAS/ PCS & other Competitive Exams 3rd E..., unknown,425.0,172.0,59,4.4,2814,Free delivery
174,The Power of a Positive Attitude, Fritz Roger,150.0,66.0,56,4.5,774,"Buy 3 items, save extra 5%"
175,That Night, Upadhyay Nidhi,250.0,144.0,42,4.5,685,"Buy 3 items, save extra 5%"
178,The 5 AM Club, Sharma Robin,350.0,154.0,56,4.5,16817,"Buy 3 items, save extra 5%"
179,Handbook of Mathematics, unknown,250.0,115.0,54,4.5,2874,"Buy 3 items, save extra 5%"
182,THE SECRET, RHONDA BYRNE,699.0,257.0,63,4.6,356,Lowest price since launch
183,The Secret, Byrne Rhonda,499.0,202.0,59,4.5,6052,"Buy 3 items, save extra 5%"
184,The Secret, Byrne Rhonda,499.0,202.0,59,4.5,4478,"Buy 3 items, save extra 5%"
185,The Secret, Byrne Rhonda,599.0,258.0,56,4.5,24754,"Buy 3 items, save extra 5%"
188,The Secret  - RHONDA BYRNE, Byrne Rhonda,799.0,366.0,54,4.5,24754,"Buy 3 items, save extra 5%"
189,Something I Never Told You, Bhinder Shravya,250.0,86.0,65,4.5,13391,Lowest price in the year
192,The NAMESAKE, Jhumpa Lahiri,450.0,177.0,60,4.6,4432,"Buy 3 items, save extra 5%"
193,Learn with Adi | Morning to Evening conversation | Engl..., Adwita Keshari,199.0,111.0,44,4.0,255,"Buy 3 items, save extra 5%"
194,Story Books Set of 10 in English with 101 Moral Stories..., unknown,350.0,170.0,51,4.4,6077,Free delivery
195,Master The NCERT for NEET Biology - Vol.2, Sharma Sanjay,340.0,121.0,64,4.4,122,"Buy 3 items, save extra 5%"
198,Ultimate Guide for SBI Clerk Prelim & Main Exams with 1..., Disha Experts,690.0,372.0,46,4.1,63,Free delivery
199,SBI Bank PO 16 Year-wise Preliminary & Mains Solved Pap..., Disha Experts,325.0,184.0,43,4.5,87,Free delivery
202,How to Prepare for Data Interpretation for Cat, Sharma Arun,795.0,395.0,50,4.5,6158,"Buy 3 items, save extra 5%"
203,Quarterly Current Affairs 2022 Vol. 2 - April to June f..., Disha Experts,250.0,110.0,56,4.5,221,"Buy 3 items, save extra 5%"
204,CTET / TET : Bal Vikas or Adhyayan Kala(Varg: I-VIII) |..., Kavindra Ragini,325.0,129.0,60,4.4,511,Lowest price since launch
205,Miss & Chief My Big Board Books, Chief,699.0,449.0,35,4.6,896,"Buy 3 items, save extra 5%"
208,Upsssc Pet Preliminary Exam Guide for Group C & Other P..., unknown,335.0,148.0,55,4.3,149,"Buy 3 items, save extra 5%"
209,Upsssc Pet Preliminary Exam Guide for Group C & Other P..., unknown,335.0,134.0,60,4.2,80,"Buy 3 items, save extra 5%"
212,Cbse All in One Physics Class 11 2022-23 (as Per Latest..., unknown,600.0,316.0,47,4.3,75,"Buy 3 items, save extra 5%"
213,All in One Physics Class 12 Eleventh Edition, Mohan Keshav,575.0,304.0,47,4.6,129,"Buy 3 items, save extra 5%"
214,Bhartiya Kala Evum Sanskriti, Singhania Nitin,745.0,365.0,51,4.6,737,"Buy 3 items, save extra 5%"
215,Understanding Physics Jee Main and Advanced Mechanics, Pandey DC,490.0,280.0,42,4.6,147,"Buy 3 items, save extra 5%"
218,Cbse All in One Biology Class 12 2022-23 (as Per Latest..., unknown,325.0,172.0,47,4.4,148,"Buy 3 items, save extra 5%"
219,All in One Chemistry Class 12, Gulati Reetika,475.0,251.0,47,4.5,208,"Buy 3 items, save extra 5%"
222,The Power of Positive Thinking, Peale Norman Vincent,399.0,147.0,63,4.5,76,"Buy 3 items, save extra 5%"
223,The Everyday Hero Manifesto, Sharma Robin,399.0,179.0,55,4.4,217,"Buy 3 items, save extra 5%"
224,Cbse All in One Chemistry Class 11 2022-23 (as Per Late..., unknown,525.0,277.0,47,4.6,85,"Buy 3 items, save extra 5%"
225,11 Years IBPS PO Preliminary & Main Year-wise Solved Pa..., Disha Experts,325.0,123.0,62,4.2,141,"Buy 3 items, save extra 5%"
228,Who Will Cry When You Die?, Sharma Robin S.,225.0,124.0,44,4.5,24583,"Buy 3 items, save extra 5%"
229,A Good Girl's Guide to Murder, Jackson Holly,499.0,218.0,56,4.4,361,"Buy 3 items, save extra 5%"
232,Comprehensive Guide to SBI Bank PO Preliminary & Main E..., Disha Experts,890.0,466.0,47,4.5,47,Free delivery
233,Nda/ Na 17 Years, unknown,660.0,227.0,65,4.5,200,Lowest price since launch
234,Jawahar Navodaya Vidyalaya, unknown,375.0,165.0,56,4.4,81,"Buy 3 items, save extra 5%"
235,Oswal Gurukul Mathematics Most Likely CBSE Question Ban..., Oswal - Gurukul,449.0,266.0,40,4.3,130,Free delivery
238,Eternal Echoes, Sadhguru,599.0,249.0,58,4.8,179,"Buy 3 items, save extra 5%"
239,108 Panchatantra Story Book, unknown,160.0,128.0,20,4.2,304,Free delivery
242,The Magic, Byrne Rhonda,399.0,147.0,63,4.5,302,Lowest price since launch
243,The Magic, Byrne Rhonda,399.0,147.0,63,4.4,2983,"Buy 3 items, save extra 5%"
244,Public Administration ( English| 2nd Edition) | UPSC | ..., Laxmikanth M,725.0,418.0,42,4.5,186,"Buy 3 items, save extra 5%"
245,The Magic, Byrne Rhonda,499.0,208.0,58,4.5,6886,"Buy 3 items, save extra 5%"
248,A Thousand Splendid Suns, Hosseini Khaled,498.0,268.0,46,4.5,8846,"Buy 3 items, save extra 5%"
249,The Kid Who Came From Space  - My Sister and I Used to ..., Welford Ross,399.0,152.0,61,4.3,93,Lowest price in the year
252,SMARTER General Knowledge 2023 for Competitive Exams, Disha Experts,125.0,100.0,20,4.2,34,"Buy 3 items, save extra 5%"
254,You are the Best Wife, Pandey Ajay K.,199.0,83.0,58,4.5,13722,"Buy 3 items, save extra 5%"
255,Chanakya Neeti, Parashar Ashavani,150.0,79.0,47,4.4,2691,"Buy 3 items, save extra 5%"
258,Indian & World Geography, Saini Bhumika,645.0,368.0,42,4.3,187,"Buy 3 items, save extra 5%"
259,NCERT TEXTBOOK CLASS 11th Physics Part 1&2 And Chemistr..., NCERT,570.0,387.0,32,0.0,0,Rs40
262,The Yearly Current Affairs 2022 for Competitive Exams (..., unknown,200.0,69.0,65,4.3,1682,Lowest price since launch
263,Practical English Grammar & Composition 2020 Edition, Gupta S.C.,275.0,149.0,45,4.3,2234,"Buy 3 items, save extra 5%"
264,Mandala Art  - By Miss & Chief, unknown,250.0,110.0,56,4.6,1834,"Buy 3 items, save extra 5%"
265,JEE Main Chapterwise Mathematics, Arihant Experts,325.0,152.0,53,4.4,193,"Buy 3 items, save extra 5%"
268,Ret Samadhi, Shree Geetanjali,450.0,182.0,59,4.3,592,"Buy 3 items, save extra 5%"
269,Governance in India ( English| 3rd Edition) | UPSC | Ci..., Laxmikanth M.,595.0,276.0,53,4.6,2017,"Buy 3 items, save extra 5%"
272,All in One English Language & Literature Cbse Class 9 E..., Tanwar Amit,400.0,211.0,47,4.6,136,"Buy 3 items, save extra 5%"
273,Godan, unknown,250.0,170.0,32,4.6,1899,Free delivery
274,Colouring Books Collections for Early Learning by InIka..., InIkao,300.0,139.0,53,4.4,7027,Free delivery
275,Modern Indian History ( English| 2nd Edition) | UPSC | ..., Bansal Sonali,575.0,319.0,44,4.6,2593,"Buy 3 items, save extra 5%"
278,The Girl Who Drank the Moon, Barnhill Kelly,399.0,167.0,58,4.5,394,"Buy 3 items, save extra 5%"
279,My First 100 Animals & Birds, unknown,299.0,136.0,54,4.4,3304,"Buy 3 items, save extra 5%"
282,History of Ancient and Early Medieval India used book E..., Singh Upinder,845.0,513.0,39,4.5,4695,Rs40
283,Banking Awarness (E), Arihant Experts,185.0,85.0,54,4.4,549,Rs40
284,Unfinished, Jonas Priyanka Chopra,699.0,274.0,60,4.6,1214,Rs40
285,"The India that is Bharat: Coloniality, Civilisation, Co...", Deepak J Sai,799.0,352.0,55,4.8,1023,Rs40
288,Rich Dad Poor Dad, Kiyosaki Robert T,399.0,161.0,59,4.3,561,Rs40
289,The Personal MBA, Kaufman Josh,699.0,268.0,61,4.5,1137,Rs40
292,ReWork, Heinemeier Hansson David,699.0,308.0,55,4.5,861,Rs40
293,Let Us C, Kanetkar Yashavant,360.0,212.0,41,4.5,1919,Rs40
294,The Complete Adventures of Feluda Vol. 1, unknown,599.0,253.0,57,4.7,1423,Rs40
295,Shoe Dog, Knight Phil,399.0,147.0,63,4.3,81,Rs40
298,56 SSC Tarkshakti Topic-wise Solved Papers (2010 - 2021..., Disha Experts,290.0,100.0,65,4.2,84,Rs40
299,Fantastic Beasts: The Crimes of Grindelwald - The Origi..., Rowling J. K.,699.0,308.0,55,4.7,1273,Rs40
302,Cbse All in One Ncert Based Social Science Class 8, unknown,350.0,184.0,47,4.6,108,Rs40
303,Savarkar, Sampath Vikram,550.0,211.0,61,4.7,204,Rs40
304,Secrets of the Millionare Mind, Eker T. Harv,299.0,121.0,59,4.5,8656,Rs40
305,Objective Indian Polity, Laxmikanth M,495.0,270.0,45,4.4,542,Rs40
308,Mujhe Bananaa Hai Upsc Topper, Jain Nishant,295.0,124.0,57,4.5,7616,Rs40
309,Hindi-English Expert Translator Se English Translation ..., Gupta S.C.,175.0,80.0,54,4.3,3751,Rs40
312,Bharat Evam Vishwa ka Bhugol (Hindi|6th Edition) | UPSC..., Edited by- Tasawwur Husain Zaidi,595.0,324.0,45,4.1,53,Rs40
313,"Ncc  - Handbook of NCC Cadets for 'A', 'B' and 'C' Cert...", Gupta R.K.,260.0,156.0,40,4.5,4712,Rs40
314,Understanding Physics Jee Main and Advanced Mechanics, Pandey D C,980.0,537.0,45,4.7,3,Rs40
315,Harry Potter and the Philosopher's Stone, Rowling J. K.,499.0,216.0,56,4.6,18494,Rs40
317,FCI AG III Technical Phase I + Phase II (Paper I) 2022 ..., Adda247 Publications,1896.0,1599.0,15,0.0,0,Rs40
318,Apke Avchetan Man Ki Shakti (The Power of your Subconsc..., Joseph Murphy,150.0,96.0,36,4.5,54,Rs40
319,Be a Network Marketing Millionaire  - Proven Step - by ..., Bajaj Deepak,399.0,161.0,59,4.5,1857,Rs40
322,Mastering Essay & Answer Writing for UPSC Civil Service..., Singh Awdhesh,299.0,138.0,53,4.4,227,"Buy 3 items, save extra 5%"
323,The Girl Next Door, Vageria Arpit,199.0,83.0,58,4.5,1367,"Buy 3 items, save extra 5%"
324,Lucent's Samanya Vigyan, Kumar Sanjeev,190.0,109.0,42,4.4,2927,"Buy 3 items, save extra 5%"
325,The Forest of Enchantments, Divakaruni Chitra Banerjee,450.0,175.0,61,4.7,2630,"Buy 3 items, save extra 5%"
329,Harry Potter and the Deathly Hallows, Rowling J. K.,699.0,314.0,55,4.7,5811,"Buy 3 items, save extra 5%"
332,Ncert General Studies for Civil Services & State Servic..., unknown,495.0,232.0,53,4.3,1017,Lowest price since launch
333,The Kite Runner, Hosseini Khaled,599.0,336.0,43,4.5,9220,"Buy 3 items, save extra 5%"
334,Harry Potter and the Philosopher's Stone, Rowling J. K.,499.0,216.0,56,4.6,18494,"Buy 3 items, save extra 5%"
335,Be a Network Marketing Millionaire  - Proven Step - by ..., Bajaj Deepak,399.0,161.0,59,4.5,1857,Lowest price since launch
338,The Courage To Be Disliked, Kishimi Ichiro,499.0,211.0,57,4.5,1054,"Buy 3 items, save extra 5%"
339,Vayusena Bharti Pariksha English, A.K Thakur,150.0,76.0,49,4.4,1819,"Buy 3 items, save extra 5%"
342,Hindi-English Expert Translator Se English Translation ..., Gupta S.C.,175.0,80.0,54,4.3,3751,"Buy 3 items, save extra 5%"
343,Baniye Network Marketing Millionaire  - Network marketi..., unknown,350.0,128.0,63,4.5,7150,"Buy 3 items, save extra 5%"
344,Nda/ Na 17 Years English & General Knowledge, unknown,450.0,170.0,62,4.3,169,"Buy 3 items, save extra 5%"
345,Forge Your Future, Kalam A.P.J. Abdul,300.0,165.0,45,4.6,2968,"Buy 3 items, save extra 5%"
348,You Can Win, Khera Shiv,450.0,201.0,55,4.5,13953,"Buy 3 items, save extra 5%"
349,Longman School Atlas, Pearson Education,375.0,199.0,46,4.5,40,"Buy 3 items, save extra 5%"
352,You Can Heal Your Life, Hay Louise L,500.0,228.0,54,4.4,1801,Lowest price since launch
353,Pearson Iit Foundation Physics Class 8 Tenth Edition, unknown,480.0,243.0,49,4.6,157,"Buy 3 items, save extra 5%"
354,"Thinking, Fast and Slow", Kahneman Daniel,699.0,264.0,62,4.3,7885,"Buy 3 items, save extra 5%"
355,Mechanical Engineering 2020 Edition, Khurmi R. S.,699.0,324.0,53,4.3,15267,"Buy 3 items, save extra 5%"
358,Ncert Exemplar Problems-Solutions Chemistry Class 12th ..., Experts,175.0,80.0,54,4.5,4949,"Buy 3 items, save extra 5%"
359,Current Affairs Yearly 2022, unknown,135.0,77.0,42,4.1,382,"Buy 3 items, save extra 5%"
362,Oswaal Ncert & Cbse Question Bank Class 8 Science Book ..., unknown,270.0,202.0,25,4.5,702,Free delivery
363,34 Years Nta Neet (Ug) Physics Chapterwise & Topicwise ..., Experts Disha,350.0,181.0,48,4.4,675,"Buy 3 items, save extra 5%"
364,27 Years Upsc IAS/ Ips Prelims Topic-Wise Solved Papers..., Patel Mrunal,625.0,272.0,56,4.5,7736,"Buy 3 items, save extra 5%"
365,Bsf Constable Tradesman Bharti Pariksha 2022, unknown,215.0,172.0,20,3.9,49,"Buy 3 items, save extra 5%"
368,Objective Ncert at Your Fingertips for Neet-Aiims-Physi..., unknown,750.0,355.0,52,4.5,2062,"Buy 3 items, save extra 5%"
369,"One Day, Life Will Change", Umakanthan Saranya,199.0,92.0,53,4.5,2405,"Buy 3 items, save extra 5%"
372,Ccc Course on Computer Concepts, unknown,165.0,72.0,56,4.3,1623,"Buy 3 items, save extra 5%"
373,Trigonometry for Jee (Advanced)  - For JEE (Advanced) 3..., Tewani G.,549.0,268.0,51,4.5,1144,"Buy 3 items, save extra 5%"
374,"Sank Magic Practice Copybook, (4 BOOKS + 10 REFILL+1GRI...", CHINA,499.0,183.0,63,0.0,0,Free delivery
375,Cbse All in One Ncert Based Science Class 8, Sharma Arjun,325.0,172.0,47,4.6,154,"Buy 3 items, save extra 5%"
378,Ncert Notes Bhartiya Itihas Class 6-12 (Old+New) for Up..., unknown,225.0,180.0,20,3.6,20,"Buy 3 items, save extra 5%"
379,Hindi Sahitya Ka Saral Itihas, Vishwa Tripathi,264.0,127.0,51,4.4,1478,Free delivery
382,Blackbook of English Vocabulary, Gupta Nikhil K.,360.0,218.0,39,4.5,3788,Free delivery
383,Ctet Success Master Paper 1 for Class 1 to 5 for 2021 E..., unknown,495.0,254.0,48,4.3,1069,"Buy 3 items, save extra 5%"
384,"Ncert Exemplar Problems-Solutions Physics,Chemistry,Mat...", unknown,475.0,219.0,53,4.4,1703,"Buy 3 items, save extra 5%"
385,Ncert Exemplar Problems-Solutions Biology Class 12th  -..., Experts,150.0,60.0,60,4.4,2725,Lowest price since launch
388,Lakshya, Tracy Brian,350.0,141.0,59,4.5,2272,"Buy 3 items, save extra 5%"
389,General Nursing Avum Pre Nursing Training Selection Tes..., unknown,595.0,238.0,60,4.0,32,Lowest price since launch
392,"Dear Stranger, You Deserve To Be Loved", Bagrecha Ashish,299.0,124.0,58,4.6,272,Lowest price since launch
393,Ncert Exemplar Problems-Solutions Chemistry Class 11th ..., Experts,150.0,60.0,60,4.5,4626,Lowest price since launch
394,Encyclopedia of Samanya Vigyan, Mukherji Siddharth,335.0,147.0,56,4.3,549,"Buy 3 items, save extra 5%"
395,82 English Language Topic-wise Solved Papers for IBPS/ ..., Disha Experts,375.0,128.0,65,4.4,56,Lowest price since launch
398,Design Data Handbook for Mechanical Engineers in SI and..., Mahadevan K.,495.0,323.0,34,4.4,1739,"Buy 3 items, save extra 5%"
399,Vivekanand Ki Atmakatha 1 Edition, Sankar,450.0,226.0,49,4.5,1306,"Buy 3 items, save extra 5%"
402,Picture Book Collections for Eary Learning (Set of 12) ..., Inikao,350.0,180.0,48,4.3,29221,Free delivery
403,Death on the Nile, Christie Agatha,399.0,152.0,61,4.6,1646,"Buy 3 items, save extra 5%"
404,20 Practice Sets for SSC Constable & Rifleman (GD) Exam..., unknown,225.0,78.0,65,4.2,679,"Buy 3 items, save extra 5%"
405,Understanding Physics for JEE Main and Advanced Waves a..., Pandey DC,395.0,226.0,42,4.6,35,"Buy 3 items, save extra 5%"
408,Ncert Exemplar Problems-Solutions Science Class 8th, Kriti Sharma Seema Mehra Sikha Sharma,75.0,30.0,60,4.4,1297,Lowest price since launch
409,"Shortcuts & Tips in Quantitative Aptitude, Reasoning, E...", unknown,620.0,213.0,65,4.2,295,"Buy 3 items, save extra 5%"
412,Environment and Ecology, Anand Vaishali,450.0,209.0,53,4.6,1589,Lowest price since launch
413,The Forty Rules of Love, Shafak Elif,450.0,165.0,63,4.6,21,Lowest price since launch
414,Everything is F*Cked  - A Book About Hope, Manson Mark,499.0,192.0,61,4.5,3256,"Buy 3 items, save extra 5%"
415,Ssc Constable Gd Exam Practice Sets Latest Book for 202..., unknown,219.0,94.0,57,4.3,7900,"Buy 3 items, save extra 5%"
418,Educart Term 1 & 2 MATHEMATICS Class 10 CBSE Question B..., unknown,599.0,296.0,50,4.4,999,"Buy 3 items, save extra 5%"
419,Harry Potter and the Half-Blood Prince, Rowling J. K.,699.0,296.0,57,4.7,5282,"Buy 3 items, save extra 5%"
422,Peppa Pig Super Stickers Activity Book, Peppa Pig,399.0,153.0,61,4.6,253,Lowest price in the year
423,Rashtriya Military School Class 6 Guide 2021, unknown,270.0,216.0,20,4.6,40,"Buy 3 items, save extra 5%"
424,Harry Potter and the Philosopher’s Stone – 25th Anniver..., Rowling J.K.,799.0,386.0,51,4.7,14,"Buy 3 items, save extra 5%"
425,101 Tales the Great Panchatantra Collection, unknown,599.0,233.0,61,4.6,147,"Buy 3 items, save extra 5%"
428,Apke Avchetan Man Ki Shakti (The Power of your Subconsc..., Joseph Murphy,150.0,96.0,36,4.5,54,Free delivery
429,11 Year Solved Papers for Class 9 All India SAINIK Scho..., Disha Experts,250.0,99.0,60,4.5,26,"Buy 3 items, save extra 5%"
432,Objective General Knowledge 6250+ Chapterwise Questions, Pandey Manohar,320.0,114.0,64,4.5,63,"Buy 3 items, save extra 5%"
433,Nta UGC Net/Jrf/Set Paper 2 Political Science, unknown,585.0,262.0,55,4.3,49,"Buy 3 items, save extra 5%"
434,Cash Flow Quadrant, Kiyosaki Rabert T,499.0,184.0,63,4.6,1816,Lowest price since launch
435,Ssc Delhi Police Head Constable Ministrial 2022, unknown,275.0,121.0,56,4.3,183,"Buy 3 items, save extra 5%"
438,Ncert Solutions Mathematics 12th, Kumar Prem,285.0,114.0,60,4.4,4068,Lowest price since launch
439,Cbse All in One Computer Science with Python Class 12 2..., unknown,250.0,132.0,47,4.5,74,"Buy 3 items, save extra 5%"
440,Agni Ki Udaan, Kalam APJ Abdul,500.0,228.0,54,4.5,3074,"Buy 3 items, save extra 5%"
441,The Queen of Nothing, unknown,499.0,176.0,64,4.6,188,"Buy 3 items, save extra 5%"
442,Be My Perfect Ending, Vageria Arpit,175.0,72.0,58,4.4,4091,Lowest price since launch
443,Jawahar Navodaya Vidyalaya Class 9 2022, unknown,305.0,172.0,43,4.4,465,"Buy 3 items, save extra 5%"
444,CTET / TET: English Language and Pedagogy | 3rd Edition, Prakash Om,345.0,169.0,51,4.4,386,"Buy 3 items, save extra 5%"
445,Cbse All in One Psychology Class 11 2022-23 (as Per Lat..., unknown,250.0,120.0,52,4.3,14,Lowest price since launch
446,What Do You See When You Look in the Mirror?, Singh Nikita,250.0,106.0,57,4.7,44,"Buy 3 items, save extra 5%"
447,All in One Ncert Based Social Science Cbse Class 6th, Pattrea Madhumita,290.0,152.0,47,4.2,40,"Buy 3 items, save extra 5%"
448,Ncert Solutions - Science for Class X, Upreti Kanchan,180.0,72.0,60,4.3,1551,Lowest price since launch
449,Bank Publications PRIME (Puzzle + DI) Combo (Second Pri..., Adda247 Publications,1099.0,578.0,47,4.4,112,Free delivery
450,The Great Indian Novel, Tharoor Shashi,499.0,207.0,58,4.5,1346,"Buy 3 items, save extra 5%"
451,All in One Ncert Based Cbse Science Class 7th, Zafar Mohd.,295.0,156.0,47,4.5,93,"Buy 3 items, save extra 5%"
452,56 Ssc Topic-Wise Solved Papers, unknown,990.0,466.0,52,4.3,268,Free delivery
453,"Kim Jiyoung, Born 1982", Nam-Joo Cho,399.0,180.0,54,4.7,335,"Buy 3 items, save extra 5%"
454,All About Chemistry, Winston Robert,499.0,68.0,86,0.0,0,"Buy 3 items, save extra 5%"
455,Mass Communication in India, Kumar Keval J.,375.0,164.0,56,4.4,1649,"Buy 3 items, save extra 5%"
456,Elon Musk Ke Success Secrets, Kirk Randy,400.0,182.0,54,4.4,254,"Buy 3 items, save extra 5%"
457,General Studies Manual for Assam Civil Services Examina..., Das R. K.,1050.0,616.0,41,4.5,491,Free delivery
458,Cbse All in One Mathematics Class 11 2022-23 (as Per La..., unknown,550.0,290.0,47,4.4,108,"Buy 3 items, save extra 5%"
459,Beach Read, Henry Emily,399.0,153.0,61,4.6,115,"Buy 3 items, save extra 5%"
460,Cbse All in One History Class 11 2022-23 (as Per Latest..., unknown,250.0,120.0,52,4.4,39,Lowest price since launch
461,An Era of Darkness  - the ugly truth about british rule..., Tharoor Shashi,799.0,320.0,59,4.6,4659,"Buy 3 items, save extra 5%"
462,When Breath Becomes Air, Paul Kalanithi,599.0,264.0,55,4.6,3808,"Buy 3 items, save extra 5%"
463,Ncert Solutions - Mathematics for Class Ix, Agarwal Richa,220.0,112.0,49,4.4,1228,"Buy 3 items, save extra 5%"
464,85 Quantitative Aptitude & Data Interpretation Topic-wi..., Disha Experts,470.0,161.0,65,4.7,53,Lowest price since launch
465,101 Panchatantra Ki Kahaniyan (Illustrated)| Moral Stor..., Content Team At target Publications,300.0,199.0,33,4.2,34,Free delivery
466,Knowledge Encyclopedia (DKYR), DK,899.0,345.0,61,4.6,122,Lowest price since launch
467,Indian Art and Culture for Civil Services and Other Com..., Singhania Nitin,825.0,487.0,40,4.6,17294,"Buy 3 items, save extra 5%"
468,For the Love of Physics, Lewin Walter,499.0,225.0,54,4.7,2568,"Buy 3 items, save extra 5%"
469,A Handbook for Mechanical Engineering, unknown,350.0,200.0,42,4.4,10691,Free delivery
470,Olympiad Champs General Knowledge Class 2 with Past Oly..., unknown,150.0,52.0,65,4.4,267,Lowest price since launch
471,Olympiad Champs General Knowledge Class 1 with Past Oly..., Disha Experts,150.0,52.0,65,4.4,177,Lowest price since launch
472,Cbse All in One Geography Class 11 2022-23 (as Per Late..., unknown,400.0,192.0,52,4.5,26,Lowest price since launch
473,Witty Stories of Akbar and Birbal, unknown,99.0,60.0,39,4.1,321,Free delivery
474,Panchatantra Ki Laghu Kathayen, unknown,99.0,60.0,39,4.0,407,Free delivery
475,"Wake Up, Life is Calling", Shenoy Preeti,250.0,89.0,64,4.5,12269,"Buy 3 items, save extra 5%"
476,Oswal Gurukul Biology Most Likely Question Bank For ICS..., Oswal - Gurukul,299.0,196.0,34,4.6,126,Free delivery
479,Cbse Mathematics Chapterwise Solved Papers Class 12 for..., Rastogi Amit,365.0,181.0,50,4.5,136,"Buy 3 items, save extra 5%"
488,Pathfinder Nda/Na National Defence & Naval Academy Entr..., unknown,775.0,316.0,59,4.5,14856,"Buy 3 items, save extra 5%"
489,The Adventures of the Kohinoor, Dalrymple William,299.0,127.0,57,4.4,30,"Buy 3 items, save extra 5%"
495,Internal Security, Singh Pavneet,445.0,244.0,45,4.7,394,"Buy 3 items, save extra 5%"
498,Kafka on the Shore, Murakami Haruki,499.0,192.0,61,4.5,6949,Lowest price in the year
499,Sampurna Yog Vidya, Trilok Rajeev Jain,375.0,138.0,63,4.4,1558,Lowest price since launch
502,85 Reasoning & Computer Aptitude Topic-wise Solved Pape..., Disha Experts,470.0,185.0,60,4.1,44,"Buy 3 items, save extra 5%"
503,Bhagvad Gita - The Story Way for Students & Parents, Avinash Agarwal,299.0,120.0,59,4.7,42,"Buy 3 items, save extra 5%"
504,Diary Of A Wimpy Kid (Book 1), Kinney Jeff,350.0,134.0,61,4.6,3201,Lowest price since launch
505,My First 100 Words, unknown,299.0,151.0,49,4.2,5289,"Buy 3 items, save extra 5%"
508,Secret Seven: 1: The Secret Seven, Blyton Enid,175.0,120.0,31,4.4,746,Free delivery
509,Child Development & Pedagogy for CTET & STET (Paper 1 &..., Disha Experts,270.0,92.0,65,4.2,184,"Buy 3 items, save extra 5%"
512,Foundation Course in Physics with Case Study Approach f..., Disha Experts,525.0,226.0,56,4.4,169,Free delivery
513,The Adventures of Tintin Volume 8, Herge,1199.0,422.0,64,4.7,72,"Buy 3 items, save extra 5%"
514,Ssc Delhi Police Head Constable Ministerial 2022 Second..., unknown,295.0,130.0,55,4.1,88,"Buy 3 items, save extra 5%"
515,"SSC Reasoning Book for SSC CGL, CHSL, CPO and Other Gov...", Adda247 Publications,500.0,232.0,53,4.3,735,Free delivery
519,Do Kadam Aur Sahi, Indori Rahat,350.0,148.0,57,4.5,639,"Buy 3 items, save extra 5%"
522,Relentless, Grover Tim S.,499.0,196.0,60,4.7,392,"Buy 3 items, save extra 5%"
523,Legal Eagles, Bhan Indu,450.0,162.0,64,4.4,730,Lowest price in the year
524,The Adventures of Tintin Volume 2, Herge,1099.0,500.0,54,4.6,107,Free delivery
525,Object Oriented Programming with C++, Balagurusam E.,725.0,363.0,49,4.5,937,Lowest price since launch
528,Ncert Solutions - Mathematics for Class X, Rastogi Amit,260.0,104.0,60,4.3,2479,Lowest price since launch
532,Hindi Sahitya Ka Itihas, Shukla Acharya Ramchandra,500.0,251.0,49,4.3,1416,"Buy 3 items, save extra 5%"
533,Home Body, Kaur Rupi,499.0,212.0,57,4.5,141,"Buy 3 items, save extra 5%"
534,Cds & Cds Ota 16 Years English, unknown,280.0,96.0,65,4.3,148,Lowest price since launch
535,101 Activities Book For Kids Age 3-5 Years | English Br..., Content Team at Target Publications,250.0,180.0,28,4.4,19,Free delivery
538,Rashtriya Military School Class 9 Guide 2021, unknown,365.0,168.0,53,4.4,256,"Buy 3 items, save extra 5%"
539,Errorless NCERT Solutions with with 100% Reasoning for ..., Disha Experts,190.0,65.0,65,4.3,438,Lowest price since launch
542,How to Prepare for Quantitative Aptitude for Cat 9 Edit..., Sharma Arun,960.0,536.0,44,4.4,5738,Free delivery
543,GO TO NDA/ NA Guide for General Science, Disha Experts,220.0,86.0,60,4.1,203,Lowest price since launch
544,ARTHASHASTRA, KAUTILYA,699.0,289.0,58,4.5,1470,Lowest price in the year
545,Crack the Interview, Athayya Madhur,125.0,68.0,45,4.3,43,"Buy 3 items, save extra 5%"
548,The Day I Broke Your Heart, Gupta Piyush,225.0,92.0,59,4.6,26,"Buy 3 items, save extra 5%"
549,Educart Term 1 & 2 SCIENCE Class 10 CBSE Question Bank ..., unknown,599.0,249.0,58,4.4,1333,"Buy 3 items, save extra 5%"
552,The High Performance Entrepreneur  - Golden Rules for S..., Bagchi Subroto,350.0,139.0,60,4.5,370,"Buy 3 items, save extra 5%"
553,Bhimayana, Vyam Durgabai,499.0,189.0,62,4.5,794,"Buy 3 items, save extra 5%"
554,The Night Circus, Morgenstern Erin,499.0,192.0,61,4.5,973,"Buy 3 items, save extra 5%"
555,My First Picture Book of Wild Animals  - By Miss & Chie..., unknown,110.0,52.0,52,3.9,55,Free delivery
558,Quiet, Cain Susan,599.0,230.0,61,4.4,1705,"Buy 3 items, save extra 5%"
559,"Sapiens A Graphic History, Volume 2", Harari Yuval Noah,1099.0,507.0,53,5.0,27,Free delivery
562,The Perfect Us, Datta Durjoy,199.0,117.0,41,4.5,10219,"Buy 3 items, save extra 5%"
563,"Authentic SHORTCUTS, TIPS & TRICKS in PHYSICS for JEE M...", Gupta Harsh,349.0,198.0,43,4.3,2014,Free delivery
564,I Am No Messiah, Sood Sonu,399.0,166.0,58,4.7,266,"Buy 3 items, save extra 5%"
565,VERONIKA DECIDES TO DIE, Paulo Coelho,399.0,154.0,61,4.5,3474,"Buy 3 items, save extra 5%"
568,Hooked, Eyal Nir,699.0,268.0,61,4.6,855,"Buy 3 items, save extra 5%"
569,Nda / Na Solved Paper Chapterwise Sectionwise, unknown,415.0,183.0,55,4.4,172,"Buy 3 items, save extra 5%"
572,Nda / Na Solved Paper Chapterwise Sectionwise, unknown,415.0,168.0,59,4.4,89,"Buy 3 items, save extra 5%"
573,Baby Touch: Colours, Ladybird,350.0,154.0,56,4.4,261,"Buy 3 items, save extra 5%"
574,Ctet Success Master Mathematics & Science Paper 2 Class..., unknown,595.0,247.0,58,4.3,55,"Buy 3 items, save extra 5%"
575,Foundation Course in Biology with Case Study Approach f..., Disha Experts,325.0,140.0,56,4.5,74,Free delivery
578,What to Expect When You're Expecting 5th Edition, Murkoff Heidi,599.0,235.0,60,4.5,1151,Lowest price in the year
579,Ncert Exemplar Problems-Solutions Physics Class 11th, Experts,150.0,93.0,38,4.5,3746,"Buy 3 items, save extra 5%"
583,"Pregnancy Notes: Before, During & After", Diwekar Rujuta,350.0,160.0,54,4.3,2200,"Buy 3 items, save extra 5%"
584,Competing Nationalisms, Chandra Rajshree,599.0,264.0,55,4.7,3,"Buy 3 items, save extra 5%"
585,Complete Course (Ncert Based) Biology Class 11, Mendawat Chirag,515.0,288.0,44,0.0,0,"Buy 3 items, save extra 5%"
588,Half-Yearly Current Affairs - January to June 2022 for ..., Disha Experts,500.0,200.0,60,4.7,51,Lowest price since launch
589,SMARTER Samanya Gyan 2022 for Competitive Exams with Vi..., Disha Experts,120.0,48.0,60,4.4,46,"Buy 3 items, save extra 5%"
592,Cbse All in One Ncert Based Science Class 6, unknown,225.0,119.0,47,4.6,45,"Buy 3 items, save extra 5%"
593,The Magic Mindset: How to Find Your Happy Place, Shenoy Preeti,250.0,112.0,55,4.6,812,"Buy 3 items, save extra 5%"
594,Mahabharata for Children, unknown,599.0,254.0,57,4.3,14,"Buy 3 items, save extra 5%"
595,Biology Simplified Ncert Class Xi, Gangwar Dileep,200.0,117.0,41,4.4,1707,"Buy 3 items, save extra 5%"
596,IBPS RRB SO IT Officer Scale-II 2022 Books Kit (English..., Adda247 Publicationsv,5792.0,2149.0,62,0.0,0,Free delivery
598,Stocks to Riches  - Insights on Investor Behavior, Parikh Parag,525.0,254.0,51,4.4,1150,"Buy 3 items, save extra 5%"
599,20 Practice Sets Sainik School Pravesh Pariksha Class 6..., unknown,205.0,84.0,59,3.7,15,"Buy 3 items, save extra 5%"
600,Jim Corbett Omnibus, Corbett Jim,395.0,150.0,62,4.6,803,"Buy 3 items, save extra 5%"
601,Percy Jackson and the Sea of Monsters (Book 2), Riordan Rick,399.0,176.0,55,4.7,2034,"Buy 3 items, save extra 5%"
602,"They Both Die at the End  - This is Mateo, This is Rufu...", Silvera Adam,399.0,172.0,56,4.6,780,"Buy 3 items, save extra 5%"
604,The Best of Ruskin Bond, Bond Ruskin,499.0,180.0,63,4.6,1471,Lowest price in the year
605,All In one writing, Maple Press,150.0,120.0,20,4.4,1590,Free delivery
606,Gopi's First Box of Learning, unknown,899.0,381.0,57,3.7,31,"Buy 3 items, save extra 5%"
608,UPSC Civil Services IAS Prelims 12 Year-wise Solved Pap..., Disha Experts,450.0,207.0,54,4.6,18,"Buy 3 items, save extra 5%"
609,Creative Crayons Super Pack, unknown,499.0,143.0,71,4.6,1778,"Buy 3 items, save extra 5%"
610,Learning at Home - Series I, Ladybird,650.0,212.0,67,4.7,6,"Buy 3 items, save extra 5%"
613,Gate Chapterwise Previous Years Solved Papers (2022-200..., Frank Amritansh,295.0,118.0,60,4.7,6,"Buy 3 items, save extra 5%"
616,Cbse All in One Psychology Class 12 2022-23 (as Per Lat..., unknown,250.0,132.0,47,4.6,18,"Buy 3 items, save extra 5%"
617,Verbal Reasoning 2020 Edition, Sijwalii B.S.,375.0,152.0,59,4.3,396,"Buy 3 items, save extra 5%"
618,The Adventures of Tintin Volume 3, Herge,1199.0,422.0,64,4.6,98,"Buy 3 items, save extra 5%"
620,InIkao Tamil Writing Practice Books for kindergarten ki..., InIkao,220.0,129.0,41,4.3,236,Free delivery
621,The GIVER (FILM TIE IN), Lois Lowry,350.0,132.0,62,4.5,243,Lowest price in the year
622,Noise, Kahneman Daniel,699.0,304.0,56,4.3,70,"Buy 3 items, save extra 5%"
625,CTET Bal Vikas and Shiksha Sastra-17 chapter-H-2021, unknown,225.0,180.0,20,4.2,565,Free delivery
626,The God of Small Things, Roy Arundhati,450.0,233.0,48,4.4,8713,"Buy 3 items, save extra 5%"
628,General Knowledge Compendium for IAS Prelims General St..., Disha Experts,190.0,76.0,60,4.5,111,"Buy 3 items, save extra 5%"
629,How to Read a Book, Adler Mortimer J.,499.0,196.0,60,4.4,1446,Lowest price in the year
630,Sainik School Class 6 Guide 2022, unknown,280.0,113.0,59,4.1,98,"Buy 3 items, save extra 5%"
632,Cbse All in One Computer Science Class 11 2022-23 (as P..., unknown,250.0,120.0,52,3.9,21,Lowest price since launch
633,Indian Economy, Sriram Srirangam,850.0,387.0,54,4.6,18,"Buy 3 items, save extra 5%"
634,My Experiments with Truth, Gandhi Mahatma,195.0,137.0,29,4.5,3044,Free delivery
636,"Vishisht BIHAR - Samanya Gyan for BPSC, BSSC & other Co...", Shruti Suman,225.0,89.0,60,4.1,113,"Buy 3 items, save extra 5%"
637,Retire Young Retire Rich, Kiyosaki Robert T.,499.0,212.0,57,4.6,699,"Buy 3 items, save extra 5%"
638,SBI Clerk 2020 Preliminary Exam 20 Practice Sets with 5..., Disha Experts,200.0,69.0,65,4.1,231,"Buy 3 items, save extra 5%"
642,I Do What I Do, Rajan Raghuram G.,599.0,262.0,56,4.6,3575,"Buy 3 items, save extra 5%"
643,10 YEAR-WISE Solved Papers (2013 - 2022) for CBSE Class..., Disha Experts,250.0,86.0,65,4.5,24,Lowest price since launch
644,Foundation Course in Mathematics with Case Study Approa..., Disha Experts,575.0,259.0,54,4.4,94,Free delivery
645,The Laws of the Spirit World, Bhavnagri Khorshed,350.0,154.0,56,4.5,1703,"Buy 3 items, save extra 5%"
648,Riches are Your Right, Murphy Joseph,99.0,76.0,23,3.6,66,Free delivery
649,Logical Reasoning and Data Interpretation for CAT, NISHIT K. SINHA,795.0,349.0,56,4.2,11,Lowest price since launch
652,"Handbook Machanical Engineering for Gate,Ies,Psu and Ot...", Shukla Gaurav,295.0,118.0,60,4.3,17,Lowest price since launch
653,Harry Potter and the Half-Blood Prince - Slytherin Edit..., Rowling J. K.,799.0,352.0,55,4.6,41,"Buy 3 items, save extra 5%"
654,The Elephant in the Womb, Koechlin Kalki,399.0,166.0,58,4.8,17,"Buy 3 items, save extra 5%"
655,2021 JEE Main Online Solved Papers All 26 Sets Of Febru..., Arihant Experts,450.0,183.0,59,4.5,238,"Buy 3 items, save extra 5%"
658,Magbook Indian & World Geography 2021, Sharma Vivek,235.0,96.0,59,4.5,439,"Buy 3 items, save extra 5%"
659,10 YEAR-WISE Solved Papers (2013 - 2022) for CBSE Class..., Disha Experts,250.0,86.0,65,4.7,15,Lowest price since launch
662,Social Science Class 8 CBSE (2022-23) 2019-2020 Edition, Marks Full,340.0,188.0,44,4.4,1109,Free delivery
663,A Handbook on Civil Engineering, unknown,350.0,206.0,41,4.4,3105,Free delivery
664,IIT JAM Biotechnology Solved Papers (2022-2005) and 3 P..., Sanubia,325.0,152.0,53,4.5,20,"Buy 3 items, save extra 5%"
665,The Complete Grimm's Fairy Tales, Grimm Jacob,350.0,160.0,54,4.6,319,"Buy 3 items, save extra 5%"
668,How To Develop Self-Confidence And Influence People By ..., Dale Carnegie,199.0,135.0,32,4.9,7,Free delivery
669,Nta UGC Net/Jrf/Set Paper 2 Commerce, unknown,695.0,312.0,55,3.8,19,"Buy 3 items, save extra 5%"
672,Cbse All in One Fine Arts Class 11 2022-23 First Editio..., unknown,200.0,90.0,55,4.7,3,"Buy 3 items, save extra 5%"
673,Ncert Notes Samanya Vigyan Class 6-12 (Old+New) for Ups..., Singh Digvijay,250.0,200.0,20,3.9,7,"Buy 3 items, save extra 5%"
674,Reet Ctet and Other Tet Chapterwise Solved Papers Vigya..., unknown,155.0,73.0,52,4.9,10,"Buy 3 items, save extra 5%"
675,The Joys Of Compounding  - The Passionate Pursuit of Li..., Baid Gautam,499.0,189.0,62,4.6,208,Lowest price in the year
678,Cbse All in One Sociology Class 12 2022-23 (as Per Late..., unknown,250.0,132.0,47,4.2,17,"Buy 3 items, save extra 5%"
679,38 NTA UGC NET Paper 1 Year-wise Solved Papers (2021 to..., Disha Experts,290.0,100.0,65,4.3,155,Lowest price since launch
682,The Story of Philosophy, Durant Will,399.0,180.0,54,4.6,974,"Buy 3 items, save extra 5%"
683,Best Of Tinkle Assorted Digest - Pack of 10  - Where Le..., Amar Chitra Katha,880.0,402.0,54,4.3,1350,"Buy 3 items, save extra 5%"
684,"Bloom Cap Olympiad Science, Mathematics, Reasoning, Eng...", Verma Akriti,500.0,308.0,38,0.0,0,"Buy 3 items, save extra 5%"
685,Black Holes And Baby Universes And Other Essays, Hawking Stephen,499.0,220.0,55,4.5,569,"Buy 3 items, save extra 5%"
688,Samanya Vigyan for Civil Services Examinations, unknown,625.0,312.0,50,4.3,160,"Buy 3 items, save extra 5%"
689,Ncert Exemplar Problems-Solutions Mathematics Class 8th, Arihant Experts,275.0,110.0,60,4.4,1199,Lowest price since launch
692,Uttar Pradesh Polytechnic Jeec Sanyukat Parvesh Pariksh..., unknown,415.0,168.0,59,4.4,263,"Buy 3 items, save extra 5%"
693,Money Master the Game, Robbins Tony,599.0,270.0,54,4.6,879,"Buy 3 items, save extra 5%"
694,Jeevan Jine Ki Kala, Satyarthi Swami Anand,150.0,120.0,20,4.6,394,Free delivery
695,Ncert Practice Workbook English Marigold for Class 1  -..., Arihant Experts,80.0,64.0,20,4.2,552,"Buy 3 items, save extra 5%"
698,Objective Chemistry Chapter-wise MCQs for NTA JEE Main/..., Disha Experts,300.0,103.0,65,4.2,811,Lowest price since launch
699,Post Graduate Entrance Exam Zoology, unknown,205.0,82.0,60,4.3,1920,"Buy 3 items, save extra 5%"
702,Fast Track Unsolved Papers Class 12, unknown,55.0,31.0,43,0.0,0,"Buy 3 items, save extra 5%"
703,The Unusual Billionaires, Mukherjea Saurabh,399.0,165.0,58,4.4,1147,"Buy 3 items, save extra 5%"
704,"Authentic SHORTCUTS, TIPS & TRICKS in CHEMISTRY for JEE...", Apurva Mishra,349.0,153.0,56,4.3,130,"Buy 3 items, save extra 5%"
705,Awaken The Giant Within, Robbins Tony,599.0,258.0,56,4.6,1961,"Buy 3 items, save extra 5%"
708,Cbse All in One Ncert Based English Class 8, unknown,350.0,184.0,47,4.4,57,"Buy 3 items, save extra 5%"
709,Abnormal Psychology, Comer R.,4804.0,2446.0,49,0.0,0,Free delivery
712,40 Days Crash Course for NEET Chemistry, Arihant Experts,390.0,159.0,59,4.5,89,"Buy 3 items, save extra 5%"
713,IAS Mains General Studies Paper 4 Ethics Integrity & Ap..., unknown,465.0,189.0,59,4.6,27,"Buy 3 items, save extra 5%"
714,Ssc Chapterwise Solved Papers General Studies 2021, Shukla Tushar,440.0,198.0,55,4.0,48,"Buy 3 items, save extra 5%"
715,The Sage with Two Horns, Murty Sudha,250.0,146.0,41,4.7,110,"Buy 3 items, save extra 5%"
718,The Folk of the Air, Black Holly,1399.0,500.0,64,4.7,161,Free delivery
719,Quantitative Aptitude for Cat, unknown,850.0,408.0,52,4.4,274,"Buy 3 items, save extra 5%"
722,PEPPA PIG READ IT YOURSELF TUCK BOX (LEVEL 2), ladybird,699.0,268.0,61,4.9,27,Lowest price since launch
723,The Power, Byrne Rhonda,699.0,257.0,63,4.6,131,Lowest price since launch
724,Complete Course (Ncert Based) Chemistry Class 11, unknown,515.0,288.0,44,0.0,0,"Buy 3 items, save extra 5%"
725,Objective NCERT At Your FINGERTIPS NEET / AIIMS Combo (..., mtg,2400.0,1380.0,42,4.6,2875,Free delivery
728,Ncert Practice Workbook Mathematics 8  - Class 8, Experts Compilation,125.0,63.0,49,4.4,699,Lowest price since launch
729,Flow, Csikszentmihalyi Mihaly,699.0,268.0,61,4.3,567,"Buy 3 items, save extra 5%"
732,General Quantitative Aptitude for Competitive Exams - S..., Disha Experts,290.0,101.0,65,4.0,180,"Buy 3 items, save extra 5%"
733,30 Practice Sets Senior Secondary Recruit (SSR) Bharti ..., unknown,225.0,112.0,50,4.3,89,"Buy 3 items, save extra 5%"
734,Bhartiya Thal Sena Mer Soldier Clerks (Skt), Ahluwalia R.D.,195.0,78.0,60,4.3,595,Lowest price since launch
735,50 Practice Set Bhartiya Thal Saina Ner Tradesman Bhart..., unknown,140.0,56.0,60,5.0,6,Lowest price since launch
738,River of Smoke, Ghosh Amitav,499.0,192.0,61,4.5,355,Lowest price in the year
739,Magbook Bhartiya Rajvayvastha Avum Prashasan for Civil ..., Kumar Ajeet,215.0,87.0,59,4.8,15,"Buy 3 items, save extra 5%"
742,Map the Snap 5 Mock Tests & Solved Papers (2021-2005), unknown,365.0,146.0,60,3.5,8,Lowest price since launch
743,All in One Icse Physics Class 9 2020-21, Garg Mansi,235.0,152.0,35,4.5,131,"Buy 3 items, save extra 5%"
744,Nta UGC Net/Jrf/Set Teaching & Research Aptitude Paper ..., unknown,295.0,132.0,55,4.0,9,"Buy 3 items, save extra 5%"
745,Harry Potter and Rahasyamayee Tehkhana - 2, Rowling J. K.,399.0,147.0,63,4.6,455,Lowest price since launch
748,Capf Assistant Commandant, unknown,705.0,282.0,60,4.2,107,Lowest price since launch
749,Indian Airforce & Indian Navy General English, unknown,185.0,144.0,22,3.3,7,"Buy 3 items, save extra 5%"
752,Cbse All in One Business Studies Class 11 2022-23 (as P..., unknown,300.0,144.0,52,4.1,16,"Buy 3 items, save extra 5%"
753,All in One Hindi 'B' Cbse Kaksha 10, Tiwari Manju,350.0,184.0,47,4.1,51,"Buy 3 items, save extra 5%"
754,NTSE Stage 1 Question Bank - Past Year 2012-21 (9 State..., Disha Experts,400.0,137.0,65,4.4,166,Lowest price since launch
755,30 Practice Sets Bhartiya Vayu Sena Airman Group 'Y' (G..., unknown,135.0,54.0,60,4.4,508,"Buy 3 items, save extra 5%"
758,MTG Objective NCERT At Your FINGERTIPS For NEET-AIIMS -..., Mtg,1500.0,857.0,42,4.5,380,Free delivery
759,Study Guide BCA 2021, unknown,560.0,232.0,58,4.2,221,"Buy 3 items, save extra 5%"
